Workbook
Name Slicer_Category: #N/A
Name Slicer_Country: #N/A

Sheet 1_Raw_Data
A1: Supplier ID | B1: Supplier Name | C1: Category | D1: Supplier Tier | E1: Country | F1: Category Manager | G1: Unit Cost (£) | H1: Lead Days | I1: On-Time Delivery (%) | J1: Annual Orders | K1: Annual Spend (£) | L1: Contract Expiry | M1: Health Flag | N1: Cost Band
A2: SUP-0001 | B2: Rapid Materials 001 | C2: Raw Materials | D2: Tier 1 | E2: India | F2: Sarah Chen | G2: 233.67 | H2: 9 | I2: 88.1 | J2: 356 | K2: 83186.52 | L2: 45470 | M2: =IF(I2<85,"At Risk",IF(I2<92,"Monitor","OK")) -> Monitor | N2: =IF(G2<50,"Low",IF(G2<250,"Medium",IF(G2<1000,"High","Premium"))) -> Medium
A3: SUP-0002 | B3: Euro Trading 002 | C3: Raw Materials | D3: Tier 1 | E3: China | F3: Sarah Chen | G3: 224.5 | H3: 39 | I3: 56.2 | J3: 111 | K3: 24919.5 | L3: 46151 | M3: =IF(I3<85,"At Risk",IF(I3<92,"Monitor","OK")) -> At Risk | N3: =IF(G3<50,"Low",IF(G3<250,"Medium",IF(G3<1000,"High","Premium"))) -> Medium
A4: SUP-0003 | B4: Nexus Partners 003 | C4: Office Supplies | D4: Tier 1 | E4: UK | F4: Elena Rossi | G4: 61.19 | H4: 11 | I4: 86.4 | J4: 184 | K4: 11258.96 | L4: 45861 | M4: =IF(I4<85,"At Risk",IF(I4<92,"Monitor","OK")) -> Monitor | N4: =IF(G4<50,"Low",IF(G4<250,"Medium",IF(G4<1000,"High","Premium"))) -> Medium
A5: SUP-0004 | B5: Metro Dynamics 004 | C5: Logistics | D5: Tier 1 | E5: Netherlands | F5: Lan Dang | G5: 374.09 | H5: 55 | I5: 70.5 | J5: 145 | K5: 54243.05 | L5: 45380 | M5: =IF(I5<85,"At Risk",IF(I5<92,"Monitor","OK")) -> At Risk | N5: =IF(G5<50,"Low",IF(G5<250,"Medium",IF(G5<1000,"High","Premium"))) -> High
A6: SUP-0005 | B6: Rapid Partners 005 | C6: Raw Materials | D6: Tier 3 | E6: Netherlands | F6: Sarah Chen | G6: 109.1 | H6: 19 | I6: 92.3 | J6: 326 | K6: 35566.6 | L6: 46032 | M6: =IF(I6<85,"At Risk",IF(I6<92,"Monitor","OK")) -> OK | N6: =IF(G6<50,"Low",IF(G6<250,"Medium",IF(G6<1000,"High","Premium"))) -> Medium
A7: SUP-0006 | B7: Apex Solutions 006 | C7: Raw Materials | D7: Tier 1 | E7: China | F7: Sarah Chen | G7: 629.8 | H7: 6 | I7: 93.5 | J7: 453 | K7: 285299.4 | L7: 45498 | M7: =IF(I7<85,"At Risk",IF(I7<92,"Monitor","OK")) -> OK | N7: =IF(G7<50,"Low",IF(G7<250,"Medium",IF(G7<1000,"High","Premium"))) -> High
A8: SUP-0007 | B8: Eco Group 007 | C8: IT Equipment | D8: Tier 2 | E8: Poland | F8: Tom Mwangi | G8: 1064.47 | H8: 23 | I8: 64.4 | J8: 146 | K8: 155412.62 | L8: 45438 | M8: =IF(I8<85,"At Risk",IF(I8<92,"Monitor","OK")) -> At Risk | N8: =IF(G8<50,"Low",IF(G8<250,"Medium",IF(G8<1000,"High","Premium"))) -> Premium
A9: SUP-0008 | B9: Summit Industries 008 | C9: Office Supplies | D9: Tier 2 | E9: France | F9: Elena Rossi | G9: 38.06 | H9: 18 | I9: 99.5 | J9: 337 | K9: 12826.22 | L9: 45741 | M9: =IF(I9<85,"At Risk",IF(I9<92,"Monitor","OK")) -> OK | N9: =IF(G9<50,"Low",IF(G9<250,"Medium",IF(G9<1000,"High","Premium"))) -> Low
A10: SUP-0009 | B10: Global Trading 009 | C10: Packaging | D10: Tier 3 | E10: Poland | F10: Thomas Lewison | G10: 51.13 | H10: 5 | I10: 64.5 | J10: 492 | K10: 25155.96 | L10: 45936 | M10: =IF(I10<85,"At Risk",IF(I10<92,"Monitor","OK")) -> At Risk | N10: =IF(G10<50,"Low",IF(G10<250,"Medium",IF(G10<1000,"High","Premium"))) -> Medium
A11: SUP-0010 | B11: Rapid Materials 010 | C11: IT Equipment | D11: Tier 3 | E11: Vietnam | F11: Tom Mwangi | G11: 971.5 | H11: 9 | I11: 66.1 | J11: 297 | K11: 288535.5 | L11: 45830 | M11: =IF(I11<85,"At Risk",IF(I11<92,"Monitor","OK")) -> At Risk | N11: =IF(G11<50,"Low",IF(G11<250,"Medium",IF(G11<1000,"High","Premium"))) -> High
A12: SUP-0011 | B12: Omega Group 011 | C12: Office Supplies | D12: Tier 2 | E12: China | F12: Elena Rossi | G12: 79.79 | H12: 9 | I12: 77.9 | J12: 56 | K12: 4468.24 | L12: 45388 | M12: =IF(I12<85,"At Risk",IF(I12<92,"Monitor","OK")) -> At Risk | N12: =IF(G12<50,"Low",IF(G12<250,"Medium",IF(G12<1000,"High","Premium"))) -> Medium
A13: SUP-0012 | B13: Pacific Dynamics 012 | C13: Packaging | D13: Tier 3 | E13: Netherlands | F13: Thomas Lewison | G13: 73.59 | H13: 25 | I13: 72.2 | J13: 249 | K13: 18323.91 | L13: 46375 | M13: =IF(I13<85,"At Risk",IF(I13<92,"Monitor","OK")) -> At Risk | N13: =IF(G13<50,"Low",IF(G13<250,"Medium",IF(G13<1000,"High","Premium"))) -> Medium
... A501: SUP-0500 | B501: Metro Logistics 500 | C501: Raw Materials | D501: Tier 2 | E501: Netherlands | F501: Sarah Chen | G501: 695.3 | H501: 50 | I501: 62.9 | J501: 71 | K501: 49366.3 | L501: 46353 | M501: =IF(I501<85,"At Risk",IF(I501<92,"Monitor","OK")) -> At Risk | N501: =IF(G501<50,"Low",IF(G501<250,"Medium",IF(G501<1000,"High","Premium"))) -> High

Sheet 2_Category_Summary
A1: Category × Supplier Tier - Performance Summary
A3: Category | B3: Supplier Tier | C3: Avg Unit Cost (£) | D3: Avg Lead Days | E3: Avg On-Time % | F3: Supplier Count | G3: At-Risk Count | H3: Total Annual Spend (£)
A4: Raw Materials | B4: Tier 1 | C4: =IFERROR(AVERAGEIFS('1_Raw_Data'!G:G,'1_Raw_Data'!C:C,A4,'1_Raw_Data'!D:D,B4),"-") -> 436.695 | D4: =IFERROR(AVERAGEIFS('1_Raw_Data'!H:H,'1_Raw_Data'!C:C,A4,'1_Raw_Data'!D:D,B4),"-") -> 27.09375 | E4: =IFERROR(AVERAGEIFS('1_Raw_Data'!I:I,'1_Raw_Data'!C:C,A4,'1_Raw_Data'!D:D,B4),"-") -> 77.603125 | F4: =COUNTIFS('1_Raw_Data'!C:C,A4,'1_Raw_Data'!D:D,B4) -> 32 | G4: =COUNTIFS('1_Raw_Data'!C:C,A4,'1_Raw_Data'!D:D,B4,'1_Raw_Data'!M:M,"At Risk") -> 20 | H4: =IFERROR(SUMIFS('1_Raw_Data'!K:K,'1_Raw_Data'!C:C,A4,'1_Raw_Data'!D:D,B4),0) -> 3990359.7
A5: Raw Materials | B5: Tier 2 | C5: =IFERROR(AVERAGEIFS('1_Raw_Data'!G:G,'1_Raw_Data'!C:C,A5,'1_Raw_Data'!D:D,B5),"-") -> 459.23061 | D5: =IFERROR(AVERAGEIFS('1_Raw_Data'!H:H,'1_Raw_Data'!C:C,A5,'1_Raw_Data'!D:D,B5),"-") -> 32.69697 | E5: =IFERROR(AVERAGEIFS('1_Raw_Data'!I:I,'1_Raw_Data'!C:C,A5,'1_Raw_Data'!D:D,B5),"-") -> 76.606061 | F5: =COUNTIFS('1_Raw_Data'!C:C,A5,'1_Raw_Data'!D:D,B5) -> 33 | G5: =COUNTIFS('1_Raw_Data'!C:C,A5,'1_Raw_Data'!D:D,B5,'1_Raw_Data'!M:M,"At Risk") -> 24 | H5: =IFERROR(SUMIFS('1_Raw_Data'!K:K,'1_Raw_Data'!C:C,A5,'1_Raw_Data'!D:D,B5),0) -> 3288986.3
A6: Raw Materials | B6: Tier 3 | C6: =IFERROR(AVERAGEIFS('1_Raw_Data'!G:G,'1_Raw_Data'!C:C,A6,'1_Raw_Data'!D:D,B6),"-") -> 429.88074 | D6: =IFERROR(AVERAGEIFS('1_Raw_Data'!H:H,'1_Raw_Data'!C:C,A6,'1_Raw_Data'!D:D,B6),"-") -> 26.111111 | E6: =IFERROR(AVERAGEIFS('1_Raw_Data'!I:I,'1_Raw_Data'!C:C,A6,'1_Raw_Data'!D:D,B6),"-") -> 77.959259 | F6: =COUNTIFS('1_Raw_Data'!C:C,A6,'1_Raw_Data'!D:D,B6) -> 27 | G6: =COUNTIFS('1_Raw_Data'!C:C,A6,'1_Raw_Data'!D:D,B6,'1_Raw_Data'!M:M,"At Risk") -> 20 | H6: =IFERROR(SUMIFS('1_Raw_Data'!K:K,'1_Raw_Data'!C:C,A6,'1_Raw_Data'!D:D,B6),0) -> 2924145.8
A7: Packaging | B7: Tier 1 | C7: =IFERROR(AVERAGEIFS('1_Raw_Data'!G:G,'1_Raw_Data'!C:C,A7,'1_Raw_Data'!D:D,B7),"-") -> 82.918636 | D7: =IFERROR(AVERAGEIFS('1_Raw_Data'!H:H,'1_Raw_Data'!C:C,A7,'1_Raw_Data'!D:D,B7),"-") -> 29.727273 | E7: =IFERROR(AVERAGEIFS('1_Raw_Data'!I:I,'1_Raw_Data'!C:C,A7,'1_Raw_Data'!D:D,B7),"-") -> 75.881818 | F7: =COUNTIFS('1_Raw_Data'!C:C,A7,'1_Raw_Data'!D:D,B7) -> 22 | G7: =COUNTIFS('1_Raw_Data'!C:C,A7,'1_Raw_Data'!D:D,B7,'1_Raw_Data'!M:M,"At Risk") -> 16 | H7: =IFERROR(SUMIFS('1_Raw_Data'!K:K,'1_Raw_Data'!C:C,A7,'1_Raw_Data'!D:D,B7),0) -> 354836.11
A8: Packaging | B8: Tier 2 | C8: =IFERROR(AVERAGEIFS('1_Raw_Data'!G:G,'1_Raw_Data'!C:C,A8,'1_Raw_Data'!D:D,B8),"-") -> 53.614359 | D8: =IFERROR(AVERAGEIFS('1_Raw_Data'!H:H,'1_Raw_Data'!C:C,A8,'1_Raw_Data'!D:D,B8),"-") -> 36.179487 | E8: =IFERROR(AVERAGEIFS('1_Raw_Data'!I:I,'1_Raw_Data'!C:C,A8,'1_Raw_Data'!D:D,B8),"-") -> 75.287179 | F8: =COUNTIFS('1_Raw_Data'!C:C,A8,'1_Raw_Data'!D:D,B8) -> 39 | G8: =COUNTIFS('1_Raw_Data'!C:C,A8,'1_Raw_Data'!D:D,B8,'1_Raw_Data'!M:M,"At Risk") -> 29 | H8: =IFERROR(SUMIFS('1_Raw_Data'!K:K,'1_Raw_Data'!C:C,A8,'1_Raw_Data'!D:D,B8),0) -> 582348.03
A9: Packaging | B9: Tier 3 | C9: =IFERROR(AVERAGEIFS('1_Raw_Data'!G:G,'1_Raw_Data'!C:C,A9,'1_Raw_Data'!D:D,B9),"-") -> 67.345 | D9: =IFERROR(AVERAGEIFS('1_Raw_Data'!H:H,'1_Raw_Data'!C:C,A9,'1_Raw_Data'!D:D,B9),"-") -> 26.0625 | E9: =IFERROR(AVERAGEIFS('1_Raw_Data'!I:I,'1_Raw_Data'!C:C,A9,'1_Raw_Data'!D:D,B9),"-") -> 80.334375 | F9: =COUNTIFS('1_Raw_Data'!C:C,A9,'1_Raw_Data'!D:D,B9) -> 32 | G9: =COUNTIFS('1_Raw_Data'!C:C,A9,'1_Raw_Data'!D:D,B9,'1_Raw_Data'!M:M,"At Risk") -> 19 | H9: =IFERROR(SUMIFS('1_Raw_Data'!K:K,'1_Raw_Data'!C:C,A9,'1_Raw_Data'!D:D,B9),0) -> 535039.49
A10: Logistics | B10: Tier 1 | C10: =IFERROR(AVERAGEIFS('1_Raw_Data'!G:G,'1_Raw_Data'!C:C,A10,'1_Raw_Data'!D:D,B10),"-") -> 1143.8085 | D10: =IFERROR(AVERAGEIFS('1_Raw_Data'!H:H,'1_Raw_Data'!C:C,A10,'1_Raw_Data'!D:D,B10),"-") -> 35.185185 | E10: =IFERROR(AVERAGEIFS('1_Raw_Data'!I:I,'1_Raw_Data'!C:C,A10,'1_Raw_Data'!D:D,B10),"-") -> 80.888889 | F10: =COUNTIFS('1_Raw_Data'!C:C,A10,'1_Raw_Data'!D:D,B10) -> 27 | G10: =COUNTIFS('1_Raw_Data'!C:C,A10,'1_Raw_Data'!D:D,B10,'1_Raw_Data'!M:M,"At Risk") -> 17 | H10: =IFERROR(SUMIFS('1_Raw_Data'!K:K,'1_Raw_Data'!C:C,A10,'1_Raw_Data'!D:D,B10),0) -> 8867291
A11: Logistics | B11: Tier 2 | C11: =IFERROR(AVERAGEIFS('1_Raw_Data'!G:G,'1_Raw_Data'!C:C,A11,'1_Raw_Data'!D:D,B11),"-") -> 1067.9857 | D11: =IFERROR(AVERAGEIFS('1_Raw_Data'!H:H,'1_Raw_Data'!C:C,A11,'1_Raw_Data'!D:D,B11),"-") -> 32.404255 | E11: =IFERROR(AVERAGEIFS('1_Raw_Data'!I:I,'1_Raw_Data'!C:C,A11,'1_Raw_Data'!D:D,B11),"-") -> 79.261702 | F11: =COUNTIFS('1_Raw_Data'!C:C,A11,'1_Raw_Data'!D:D,B11) -> 47 | G11: =COUNTIFS('1_Raw_Data'!C:C,A11,'1_Raw_Data'!D:D,B11,'1_Raw_Data'!M:M,"At Risk") -> 28 | H11: =IFERROR(SUMIFS('1_Raw_Data'!K:K,'1_Raw_Data'!C:C,A11,'1_Raw_Data'!D:D,B11),0) -> 13752043
A12: Logistics | B12: Tier 3 | C12: =IFERROR(AVERAGEIFS('1_Raw_Data'!G:G,'1_Raw_Data'!C:C,A12,'1_Raw_Data'!D:D,B12),"-") -> 1048.6733 | D12: =IFERROR(AVERAGEIFS('1_Raw_Data'!H:H,'1_Raw_Data'!C:C,A12,'1_Raw_Data'!D:D,B12),"-") -> 35.166667 | E12: =IFERROR(AVERAGEIFS('1_Raw_Data'!I:I,'1_Raw_Data'!C:C,A12,'1_Raw_Data'!D:D,B12),"-") -> 74.97 | F12: =COUNTIFS('1_Raw_Data'!C:C,A12,'1_Raw_Data'!D:D,B12) -> 30 | G12: =COUNTIFS('1_Raw_Data'!C:C,A12,'1_Raw_Data'!D:D,B12,'1_Raw_Data'!M:M,"At Risk") -> 24 | H12: =IFERROR(SUMIFS('1_Raw_Data'!K:K,'1_Raw_Data'!C:C,A12,'1_Raw_Data'!D:D,B12),0) -> 8113857
A13: IT Equipment | B13: Tier 1 | C13: =IFERROR(AVERAGEIFS('1_Raw_Data'!G:G,'1_Raw_Data'!C:C,A13,'1_Raw_Data'!D:D,B13),"-") -> 2896.1475 | D13: =IFERROR(AVERAGEIFS('1_Raw_Data'!H:H,'1_Raw_Data'!C:C,A13,'1_Raw_Data'!D:D,B13),"-") -> 32.555556 | E13: =IFERROR(AVERAGEIFS('1_Raw_Data'!I:I,'1_Raw_Data'!C:C,A13,'1_Raw_Data'!D:D,B13),"-") -> 74.283333 | F13: =COUNTIFS('1_Raw_Data'!C:C,A13,'1_Raw_Data'!D:D,B13) -> 36 | G13: =COUNTIFS('1_Raw_Data'!C:C,A13,'1_Raw_Data'!D:D,B13,'1_Raw_Data'!M:M,"At Risk") -> 27 | H13: =IFERROR(SUMIFS('1_Raw_Data'!K:K,'1_Raw_Data'!C:C,A13,'1_Raw_Data'!D:D,B13),0) -> 27285770
A14: IT Equipment | B14: Tier 2 | C14: =IFERROR(AVERAGEIFS('1_Raw_Data'!G:G,'1_Raw_Data'!C:C,A14,'1_Raw_Data'!D:D,B14),"-") -> 2630.9513 | D14: =IFERROR(AVERAGEIFS('1_Raw_Data'!H:H,'1_Raw_Data'!C:C,A14,'1_Raw_Data'!D:D,B14),"-") -> 30.666667 | E14: =IFERROR(AVERAGEIFS('1_Raw_Data'!I:I,'1_Raw_Data'!C:C,A14,'1_Raw_Data'!D:D,B14),"-") -> 74.069231 | F14: =COUNTIFS('1_Raw_Data'!C:C,A14,'1_Raw_Data'!D:D,B14) -> 39 | G14: =COUNTIFS('1_Raw_Data'!C:C,A14,'1_Raw_Data'!D:D,B14,'1_Raw_Data'!M:M,"At Risk") -> 30 | H14: =IFERROR(SUMIFS('1_Raw_Data'!K:K,'1_Raw_Data'!C:C,A14,'1_Raw_Data'!D:D,B14),0) -> 26526349
A15: IT Equipment | B15: Tier 3 | C15: =IFERROR(AVERAGEIFS('1_Raw_Data'!G:G,'1_Raw_Data'!C:C,A15,'1_Raw_Data'!D:D,B15),"-") -> 2613.7037 | D15: =IFERROR(AVERAGEIFS('1_Raw_Data'!H:H,'1_Raw_Data'!C:C,A15,'1_Raw_Data'!D:D,B15),"-") -> 28.625 | E15: =IFERROR(AVERAGEIFS('1_Raw_Data'!I:I,'1_Raw_Data'!C:C,A15,'1_Raw_Data'!D:D,B15),"-") -> 80.320833 | F15: =COUNTIFS('1_Raw_Data'!C:C,A15,'1_Raw_Data'!D:D,B15) -> 24 | G15: =COUNTIFS('1_Raw_Data'!C:C,A15,'1_Raw_Data'!D:D,B15,'1_Raw_Data'!M:M,"At Risk") -> 14 | H15: =IFERROR(SUMIFS('1_Raw_Data'!K:K,'1_Raw_Data'!C:C,A15,'1_Raw_Data'!D:D,B15),0) -> 13823895
... A18: Office Supplies | B18: Tier 3 | C18: =IFERROR(AVERAGEIFS('1_Raw_Data'!G:G,'1_Raw_Data'!C:C,A18,'1_Raw_Data'!D:D,B18),"-") -> 45.0195 | D18: =IFERROR(AVERAGEIFS('1_Raw_Data'!H:H,'1_Raw_Data'!C:C,A18,'1_Raw_Data'!D:D,B18),"-") -> 31.1 | E18: =IFERROR(AVERAGEIFS('1_Raw_Data'!I:I,'1_Raw_Data'!C:C,A18,'1_Raw_Data'!D:D,B18),"-") -> 78.23 | F18: =COUNTIFS('1_Raw_Data'!C:C,A18,'1_Raw_Data'!D:D,B18) -> 20 | G18: =COUNTIFS('1_Raw_Data'!C:C,A18,'1_Raw_Data'!D:D,B18,'1_Raw_Data'!M:M,"At Risk") -> 16 | H18: =IFERROR(SUMIFS('1_Raw_Data'!K:K,'1_Raw_Data'!C:C,A18,'1_Raw_Data'!D:D,B18),0) -> 229841.22
A21: Country × Supplier Tier - Performance Summary
A22: Country | B22: Supplier Tier | C22: Avg Unit Cost (£) | D22: Avg Lead Days | E22: Avg On-Time % | F22: Supplier Count | G22: At-Risk Count | H22: Total Annual Spend (£)
A23: China | B23: Tier 1 | C23: =IFERROR(AVERAGEIFS('1_Raw_Data'!G:G,'1_Raw_Data'!E:E,A23,'1_Raw_Data'!D:D,B23),"-") -> 1545.5524 | D23: =IFERROR(AVERAGEIFS('1_Raw_Data'!H:H,'1_Raw_Data'!E:E,A23,'1_Raw_Data'!D:D,B23),"-") -> 28.47619 | E23: =AVERAGEIFS('1_Raw_Data'!$I$2:$I$500, '1_Raw_Data'!$E$2:$E$500, $A23, '1_Raw_Data'!$D$2:$D$500, $B23)/100 -> 0.81285714 | F23: =COUNTIFS('1_Raw_Data'!$E$2:$E$500, $A23, '1_Raw_Data'!$D$2:$D$500, $B23) -> 21 | G23: =COUNTIFS('1_Raw_Data'!$E$2:$E$500, $A23, '1_Raw_Data'!$D$2:$D$500, $B23, '1_Raw_Data'!$M$2:$M$500, "At Risk") -> 9 | H23: =SUMIFS('1_Raw_Data'!$K$2:$K$500, '1_Raw_Data'!$E$2:$E$500, $A23, '1_Raw_Data'!$D$2:$D$500, $B23) -> 8502847.7
A24: China | B24: Tier 2 | C24: =IFERROR(AVERAGEIFS('1_Raw_Data'!G:G,'1_Raw_Data'!E:E,A24,'1_Raw_Data'!D:D,B24),"-") -> 695.595 | D24: =IFERROR(AVERAGEIFS('1_Raw_Data'!H:H,'1_Raw_Data'!E:E,A24,'1_Raw_Data'!D:D,B24),"-") -> 28.681818 | E24: =AVERAGEIFS('1_Raw_Data'!$I$2:$I$500, '1_Raw_Data'!$E$2:$E$500, $A24, '1_Raw_Data'!$D$2:$D$500, $B24)/100 -> 0.7825 | F24: =COUNTIFS('1_Raw_Data'!$E$2:$E$500, $A24, '1_Raw_Data'!$D$2:$D$500, $B24) -> 22 | G24: =COUNTIFS('1_Raw_Data'!$E$2:$E$500, $A24, '1_Raw_Data'!$D$2:$D$500, $B24, '1_Raw_Data'!$M$2:$M$500, "At Risk") -> 14 | H24: =SUMIFS('1_Raw_Data'!$K$2:$K$500, '1_Raw_Data'!$E$2:$E$500, $A24, '1_Raw_Data'!$D$2:$D$500, $B24) -> 4695335.8
A25: China | B25: Tier 3 | C25: =IFERROR(AVERAGEIFS('1_Raw_Data'!G:G,'1_Raw_Data'!E:E,A25,'1_Raw_Data'!D:D,B25),"-") -> 1091.2472 | D25: =IFERROR(AVERAGEIFS('1_Raw_Data'!H:H,'1_Raw_Data'!E:E,A25,'1_Raw_Data'!D:D,B25),"-") -> 29.888889 | E25: =AVERAGEIFS('1_Raw_Data'!$I$2:$I$500, '1_Raw_Data'!$E$2:$E$500, $A25, '1_Raw_Data'!$D$2:$D$500, $B25)/100 -> 0.80455556 | F25: =COUNTIFS('1_Raw_Data'!$E$2:$E$500, $A25, '1_Raw_Data'!$D$2:$D$500, $B25) -> 18 | G25: =COUNTIFS('1_Raw_Data'!$E$2:$E$500, $A25, '1_Raw_Data'!$D$2:$D$500, $B25, '1_Raw_Data'!$M$2:$M$500, "At Risk") -> 11 | H25: =SUMIFS('1_Raw_Data'!$K$2:$K$500, '1_Raw_Data'!$E$2:$E$500, $A25, '1_Raw_Data'!$D$2:$D$500, $B25) -> 5690787.6
A26: France | B26: Tier 1 | C26: =IFERROR(AVERAGEIFS('1_Raw_Data'!G:G,'1_Raw_Data'!E:E,A26,'1_Raw_Data'!D:D,B26),"-") -> 1005.063 | D26: =IFERROR(AVERAGEIFS('1_Raw_Data'!H:H,'1_Raw_Data'!E:E,A26,'1_Raw_Data'!D:D,B26),"-") -> 28.347826 | E26: =AVERAGEIFS('1_Raw_Data'!$I$2:$I$500, '1_Raw_Data'!$E$2:$E$500, $A26, '1_Raw_Data'!$D$2:$D$500, $B26)/100 -> 0.75778261 | F26: =COUNTIFS('1_Raw_Data'!$E$2:$E$500, $A26, '1_Raw_Data'!$D$2:$D$500, $B26) -> 23 | G26: =COUNTIFS('1_Raw_Data'!$E$2:$E$500, $A26, '1_Raw_Data'!$D$2:$D$500, $B26, '1_Raw_Data'!$M$2:$M$500, "At Risk") -> 18 | H26: =SUMIFS('1_Raw_Data'!$K$2:$K$500, '1_Raw_Data'!$E$2:$E$500, $A26, '1_Raw_Data'!$D$2:$D$500, $B26) -> 6805637.6
A27: France | B27: Tier 2 | C27: =IFERROR(AVERAGEIFS('1_Raw_Data'!G:G,'1_Raw_Data'!E:E,A27,'1_Raw_Data'!D:D,B27),"-") -> 817.06867 | D27: =IFERROR(AVERAGEIFS('1_Raw_Data'!H:H,'1_Raw_Data'!E:E,A27,'1_Raw_Data'!D:D,B27),"-") -> 32.2 | E27: =AVERAGEIFS('1_Raw_Data'!$I$2:$I$500, '1_Raw_Data'!$E$2:$E$500, $A27, '1_Raw_Data'!$D$2:$D$500, $B27)/100 -> 0.71903333 | F27: =COUNTIFS('1_Raw_Data'!$E$2:$E$500, $A27, '1_Raw_Data'!$D$2:$D$500, $B27) -> 30 | G27: =COUNTIFS('1_Raw_Data'!$E$2:$E$500, $A27, '1_Raw_Data'!$D$2:$D$500, $B27, '1_Raw_Data'!$M$2:$M$500, "At Risk") -> 24 | H27: =SUMIFS('1_Raw_Data'!$K$2:$K$500, '1_Raw_Data'!$E$2:$E$500, $A27, '1_Raw_Data'!$D$2:$D$500, $B27) -> 7097242
A28: France | B28: Tier 3 | C28: =IFERROR(AVERAGEIFS('1_Raw_Data'!G:G,'1_Raw_Data'!E:E,A28,'1_Raw_Data'!D:D,B28),"-") -> 1003.7071 | D28: =IFERROR(AVERAGEIFS('1_Raw_Data'!H:H,'1_Raw_Data'!E:E,A28,'1_Raw_Data'!D:D,B28),"-") -> 26.764706 | E28: =AVERAGEIFS('1_Raw_Data'!$I$2:$I$500, '1_Raw_Data'!$E$2:$E$500, $A28, '1_Raw_Data'!$D$2:$D$500, $B28)/100 -> 0.74494118 | F28: =COUNTIFS('1_Raw_Data'!$E$2:$E$500, $A28, '1_Raw_Data'!$D$2:$D$500, $B28) -> 17 | G28: =COUNTIFS('1_Raw_Data'!$E$2:$E$500, $A28, '1_Raw_Data'!$D$2:$D$500, $B28, '1_Raw_Data'!$M$2:$M$500, "At Risk") -> 14 | H28: =SUMIFS('1_Raw_Data'!$K$2:$K$500, '1_Raw_Data'!$E$2:$E$500, $A28, '1_Raw_Data'!$D$2:$D$500, $B28) -> 2853162.5
A29: Germany | B29: Tier 1 | C29: =IFERROR(AVERAGEIFS('1_Raw_Data'!G:G,'1_Raw_Data'!E:E,A29,'1_Raw_Data'!D:D,B29),"-") -> 712.84963 | D29: =IFERROR(AVERAGEIFS('1_Raw_Data'!H:H,'1_Raw_Data'!E:E,A29,'1_Raw_Data'!D:D,B29),"-") -> 29.740741 | E29: =AVERAGEIFS('1_Raw_Data'!$I$2:$I$500, '1_Raw_Data'!$E$2:$E$500, $A29, '1_Raw_Data'!$D$2:$D$500, $B29)/100 -> 0.76707407 | F29: =COUNTIFS('1_Raw_Data'!$E$2:$E$500, $A29, '1_Raw_Data'!$D$2:$D$500, $B29) -> 27 | G29: =COUNTIFS('1_Raw_Data'!$E$2:$E$500, $A29, '1_Raw_Data'!$D$2:$D$500, $B29, '1_Raw_Data'!$M$2:$M$500, "At Risk") -> 21 | H29: =SUMIFS('1_Raw_Data'!$K$2:$K$500, '1_Raw_Data'!$E$2:$E$500, $A29, '1_Raw_Data'!$D$2:$D$500, $B29) -> 4857459.9
A30: Germany | B30: Tier 2 | C30: =IFERROR(AVERAGEIFS('1_Raw_Data'!G:G,'1_Raw_Data'!E:E,A30,'1_Raw_Data'!D:D,B30),"-") -> 1059.8414 | D30: =IFERROR(AVERAGEIFS('1_Raw_Data'!H:H,'1_Raw_Data'!E:E,A30,'1_Raw_Data'!D:D,B30),"-") -> 30.821429 | E30: =AVERAGEIFS('1_Raw_Data'!$I$2:$I$500, '1_Raw_Data'!$E$2:$E$500, $A30, '1_Raw_Data'!$D$2:$D$500, $B30)/100 -> 0.77107143 | F30: =COUNTIFS('1_Raw_Data'!$E$2:$E$500, $A30, '1_Raw_Data'!$D$2:$D$500, $B30) -> 28 | G30: =COUNTIFS('1_Raw_Data'!$E$2:$E$500, $A30, '1_Raw_Data'!$D$2:$D$500, $B30, '1_Raw_Data'!$M$2:$M$500, "At Risk") -> 19 | H30: =SUMIFS('1_Raw_Data'!$K$2:$K$500, '1_Raw_Data'!$E$2:$E$500, $A30, '1_Raw_Data'!$D$2:$D$500, $B30) -> 8775988.5
A31: Germany | B31: Tier 3 | C31: =IFERROR(AVERAGEIFS('1_Raw_Data'!G:G,'1_Raw_Data'!E:E,A31,'1_Raw_Data'!D:D,B31),"-") -> 880.4245 | D31: =IFERROR(AVERAGEIFS('1_Raw_Data'!H:H,'1_Raw_Data'!E:E,A31,'1_Raw_Data'!D:D,B31),"-") -> 25.55 | E31: =AVERAGEIFS('1_Raw_Data'!$I$2:$I$500, '1_Raw_Data'!$E$2:$E$500, $A31, '1_Raw_Data'!$D$2:$D$500, $B31)/100 -> 0.77905 | F31: =COUNTIFS('1_Raw_Data'!$E$2:$E$500, $A31, '1_Raw_Data'!$D$2:$D$500, $B31) -> 20 | G31: =COUNTIFS('1_Raw_Data'!$E$2:$E$500, $A31, '1_Raw_Data'!$D$2:$D$500, $B31, '1_Raw_Data'!$M$2:$M$500, "At Risk") -> 12 | H31: =SUMIFS('1_Raw_Data'!$K$2:$K$500, '1_Raw_Data'!$E$2:$E$500, $A31, '1_Raw_Data'!$D$2:$D$500, $B31) -> 3512340.7
A32: India | B32: Tier 1 | C32: =IFERROR(AVERAGEIFS('1_Raw_Data'!G:G,'1_Raw_Data'!E:E,A32,'1_Raw_Data'!D:D,B32),"-") -> 1114.5022 | D32: =IFERROR(AVERAGEIFS('1_Raw_Data'!H:H,'1_Raw_Data'!E:E,A32,'1_Raw_Data'!D:D,B32),"-") -> 26.166667 | E32: =AVERAGEIFS('1_Raw_Data'!$I$2:$I$500, '1_Raw_Data'!$E$2:$E$500, $A32, '1_Raw_Data'!$D$2:$D$500, $B32)/100 -> 0.75988889 | F32: =COUNTIFS('1_Raw_Data'!$E$2:$E$500, $A32, '1_Raw_Data'!$D$2:$D$500, $B32) -> 18 | G32: =COUNTIFS('1_Raw_Data'!$E$2:$E$500, $A32, '1_Raw_Data'!$D$2:$D$500, $B32, '1_Raw_Data'!$M$2:$M$500, "At Risk") -> 12 | H32: =SUMIFS('1_Raw_Data'!$K$2:$K$500, '1_Raw_Data'!$E$2:$E$500, $A32, '1_Raw_Data'!$D$2:$D$500, $B32) -> 5940407.6
A33: India | B33: Tier 2 | C33: =IFERROR(AVERAGEIFS('1_Raw_Data'!G:G,'1_Raw_Data'!E:E,A33,'1_Raw_Data'!D:D,B33),"-") -> 685.17931 | D33: =IFERROR(AVERAGEIFS('1_Raw_Data'!H:H,'1_Raw_Data'!E:E,A33,'1_Raw_Data'!D:D,B33),"-") -> 31.241379 | E33: =AVERAGEIFS('1_Raw_Data'!$I$2:$I$500, '1_Raw_Data'!$E$2:$E$500, $A33, '1_Raw_Data'!$D$2:$D$500, $B33)/100 -> 0.80441379 | F33: =COUNTIFS('1_Raw_Data'!$E$2:$E$500, $A33, '1_Raw_Data'!$D$2:$D$500, $B33) -> 29 | G33: =COUNTIFS('1_Raw_Data'!$E$2:$E$500, $A33, '1_Raw_Data'!$D$2:$D$500, $B33, '1_Raw_Data'!$M$2:$M$500, "At Risk") -> 17 | H33: =SUMIFS('1_Raw_Data'!$K$2:$K$500, '1_Raw_Data'!$E$2:$E$500, $A33, '1_Raw_Data'!$D$2:$D$500, $B33) -> 4746201
A34: India | B34: Tier 3 | C34: =IFERROR(AVERAGEIFS('1_Raw_Data'!G:G,'1_Raw_Data'!E:E,A34,'1_Raw_Data'!D:D,B34),"-") -> 782.12636 | D34: =IFERROR(AVERAGEIFS('1_Raw_Data'!H:H,'1_Raw_Data'!E:E,A34,'1_Raw_Data'!D:D,B34),"-") -> 30.818182 | E34: =AVERAGEIFS('1_Raw_Data'!$I$2:$I$500, '1_Raw_Data'!$E$2:$E$500, $A34, '1_Raw_Data'!$D$2:$D$500, $B34)/100 -> 0.74772727 | F34: =COUNTIFS('1_Raw_Data'!$E$2:$E$500, $A34, '1_Raw_Data'!$D$2:$D$500, $B34) -> 11 | G34: =COUNTIFS('1_Raw_Data'!$E$2:$E$500, $A34, '1_Raw_Data'!$D$2:$D$500, $B34, '1_Raw_Data'!$M$2:$M$500, "At Risk") -> 11 | H34: =SUMIFS('1_Raw_Data'!$K$2:$K$500, '1_Raw_Data'!$E$2:$E$500, $A34, '1_Raw_Data'!$D$2:$D$500, $B34) -> 2638414
... A46: Vietnam | B46: Tier 3 | C46: =IFERROR(AVERAGEIFS('1_Raw_Data'!G:G,'1_Raw_Data'!E:E,A46,'1_Raw_Data'!D:D,B46),"-") -> 576.125 | D46: =IFERROR(AVERAGEIFS('1_Raw_Data'!H:H,'1_Raw_Data'!E:E,A46,'1_Raw_Data'!D:D,B46),"-") -> 27.6 | E46: =AVERAGEIFS('1_Raw_Data'!$I$2:$I$500, '1_Raw_Data'!$E$2:$E$500, $A46, '1_Raw_Data'!$D$2:$D$500, $B46)/100 -> 0.79015 | F46: =COUNTIFS('1_Raw_Data'!$E$2:$E$500, $A46, '1_Raw_Data'!$D$2:$D$500, $B46) -> 20 | G46: =COUNTIFS('1_Raw_Data'!$E$2:$E$500, $A46, '1_Raw_Data'!$D$2:$D$500, $B46, '1_Raw_Data'!$M$2:$M$500, "At Risk") -> 15 | H46: =SUMIFS('1_Raw_Data'!$K$2:$K$500, '1_Raw_Data'!$E$2:$E$500, $A46, '1_Raw_Data'!$D$2:$D$500, $B46) -> 2438527.2

Sheet 3_VLOOKUP_Card
B2: Supplier Lookup Card
B3: Enter a Supplier ID in the yellow cell (e.g. SUP-0001)
B5: Supplier ID: | C5: SUP-0065
B7: Supplier Name | C7: =IFERROR(VLOOKUP($C$5, '1_Raw_Data'!$A$2:$M$501, 2, FALSE), "-") -> Delta Holdings 065
B8: Category | C8: =IFERROR(VLOOKUP($C$5, '1_Raw_Data'!$A$2:$M$501, 3, FALSE), "-") -> Raw Materials
B9: Supplier Tier | C9: =IFERROR(VLOOKUP($C$5, '1_Raw_Data'!$A$2:$M$501, 4, FALSE), "-") -> Tier 2
B10: Country | C10: =IFERROR(VLOOKUP($C$5, '1_Raw_Data'!$A$2:$M$501, 5, FALSE), "-") -> India
B11: Category Manager | C11: =IFERROR(VLOOKUP($C$5, '1_Raw_Data'!$A$2:$M$501, 6, FALSE), "-") -> Sarah Chen
B12: Unit Cost (£) | C12: =IFERROR(VLOOKUP($C$5, '1_Raw_Data'!$A$2:$M$501, 7, FALSE), "-") -> 481.85
B13: Lead Days | C13: =IFERROR(VLOOKUP($C$5, '1_Raw_Data'!$A$2:$N$501, 8, FALSE), "-") -> 59
B14: On-Time Delivery (%) | C14: =IFERROR(VLOOKUP($C$5, '1_Raw_Data'!$A$2:$N$501, 8, FALSE), "-") -> 59
B15: Annual Spend (£) | C15: =IFERROR(VLOOKUP($C$5, '1_Raw_Data'!$A$2:$N$501, 11, FALSE), "-") -> 102634.05
B16: Contract Expiry | C16: =IFERROR(VLOOKUP($C$5, '1_Raw_Data'!$A$2:$N$501, 12, FALSE), "-") -> 45698
B17: Health Flag | C17: =IFERROR(VLOOKUP($C$5, '1_Raw_Data'!$A$2:$N$501, 13, FALSE), "-") -> OK
B18: Cost Band | C18: =IFERROR(VLOOKUP($C$5, '1_Raw_Data'!$A$2:$N$501, 14, FALSE), "-") -> High
B21: Category Manager Lookup Card
B22: Enter a Category Manager name in the yellow cell (e.g. Lan Dang)
B24: Manager Name | C24: Lan Dang
B26: Supplier On-Time Delivery (%) | C26: =AVERAGEIF('1_Raw_Data'!$F$2:$F$500, $C$24, '1_Raw_Data'!$I$2:$I$500) -> 78.446154
B27: Avg Lead Day | C27: =AVERAGEIF('1_Raw_Data'!$F$2:$F$500, $C$24, '1_Raw_Data'!$H$2:$H$500) -> 33.923077
B28: Avg Unit Cost | C28: =AVERAGEIF('1_Raw_Data'!$F$2:$F$500, $C$24, '1_Raw_Data'!$G$2:$G$500) -> 1082.0996
B29: Avg Annual Order | C29: =AVERAGEIF('1_Raw_Data'!$F$2:$F$500, $C$24, '1_Raw_Data'!$J$2:$J$500) -> 268.22115
B30: Avg Annual Spend | C30: =AVERAGEIF('1_Raw_Data'!$F$2:$F$500, $C$24, '1_Raw_Data'!$K$2:$K$500) -> 295511.45

Sheet 4_Scenario_Analysis
B2: Cost & Lead-Time Scenario Analysis
B5: Scenario Inputs
B6: Cost increase shock (%) | C6: 10 | D6: %
B7: Lead-time reduction (days) | C7: 3 | D7: days
B8: Safety stock buffer (days) | C8: 5 | D8: days
B9: Target on-time threshold (%) | C9: 85 | D9: %
B12: Scenario Comparison
B13: Metric | C13: Base Case | D13: Scenario A +10% Cost | E13: Scenario B -3 Lead Days | F13: Scenario C Combined
B14: Total Annual Spend (£) | C14: =SUMIF('1_Raw_Data'!C:C,"Raw Materials",'1_Raw_Data'!K:K)+SUMIF('1_Raw_Data'!C:C,"Packaging",'1_Raw_Data'!K:K)+SUMIF('1_Raw_Data'!C:C,"Logistics",'1_Raw_Data'!K:K)+SUMIF('1_Raw_Data'!C:C,"IT Equipment",'1_Raw_Data'!K:K)+SUMIF('1_Raw_Data'!C:C,"Office Supplies",'1_Raw_Data'!K:K) -> 1.1128856e+08 | D14: =C14*(1+$C$6/100) -> 1.2241741e+08 | E14: =C14 -> 1.1128856e+08 | F14: =C14*(1+$C$6/100) -> 1.2241741e+08
B15: Avg Unit Cost (£) | C15: =AVERAGE('1_Raw_Data'!G2:G501) -> 867.28804 | D15: =C15*(1+$C$6/100) -> 954.01684 | E15: =C15 -> 867.28804 | F15: =C15*(1+$C$6/100) -> 954.01684
B16: Avg Lead Days | C16: =AVERAGE('1_Raw_Data'!H2:H501) -> 31.232 | D16: =C16 -> 31.232 | E16: =C16-$C$7 -> 28.232 | F16: =C16-$C$7+$C$8 -> 33.232
B17: Avg Effective Lead Days (with buffer) | C17: =C16+$C$8 -> 36.232 | D17: =C17 -> 36.232 | E17: =C17-$C$7 -> 33.232 | F17: =C17-$C$7+$C$8 -> 38.232
B18: Suppliers At Risk (count) | C18: =COUNTIF('1_Raw_Data'!M2:M501,"At Risk") -> 346 | D18: =C18 -> 346 | E18: =C18 -> 346 | F18: =C18 -> 346
B19: Estimated Spend Impact (£) | C19: =C14*($C$6/100) -> 11128856 | D19: =C14*($C$6/100) -> 11128856 | E19: =0 -> 0 | F19: =C14*($C$6/100) -> 11128856

Sheet 5_Dashboard
A1: Supplier Performance Dashboard
A4: Total Suppliers | D4: Avg Unit Cost | G4: Avg Lead Days | J4: At-Risk Suppliers
A6: =COUNTA('1_Raw_Data'!A2:A501) -> 500 | D6: =AVERAGE('1_Raw_Data'!G2:G501) -> 867.28804 | G6: =AVERAGE('1_Raw_Data'!H2:H501) -> 31.232 | J6: =COUNTIF('1_Raw_Data'!M2:M501,"At Risk") -> 346
A9: Spend by Category | H9: On-Time % by Country
A10: Category | B10: Total Spend (£) | C10: Avg Cost (£) | D10: Avg Lead | E10: Avg On-Time% | F10: At-Risk | H10: Country | I10: Suppliers | J10: Avg On-Time% | K10: Avg Lead | L10: At-Risk
A11: Raw Materials | B11: =SUMIF('1_Raw_Data'!C:C,A11,'1_Raw_Data'!K:K) -> 10203492 | C11: =IFERROR(AVERAGEIF('1_Raw_Data'!C:C,A11,'1_Raw_Data'!G:G),0) -> 442.77859 | D11: =IFERROR(AVERAGEIF('1_Raw_Data'!C:C,A11,'1_Raw_Data'!H:H),0) -> 28.815217 | E11: =IFERROR(AVERAGEIF('1_Raw_Data'!C:C,A11,'1_Raw_Data'!I:I),0) -> 77.35 | F11: =COUNTIFS('1_Raw_Data'!C:C,A11,'1_Raw_Data'!M:M,"At Risk") -> 64 | H11: UK | I11: =COUNTIF('1_Raw_Data'!E:E,H11) -> 55 | J11: =IFERROR(AVERAGEIF('1_Raw_Data'!E:E,H11,'1_Raw_Data'!I:I),0) -> 76.861818 | K11: =IFERROR(AVERAGEIF('1_Raw_Data'!E:E,H11,'1_Raw_Data'!H:H),0) -> 35.872727 | L11: =COUNTIFS('1_Raw_Data'!E:E,H11,'1_Raw_Data'!M:M,"At Risk") -> 36
A12: Packaging | B12: =SUMIF('1_Raw_Data'!C:C,A12,'1_Raw_Data'!K:K) -> 1472223.6 | C12: =IFERROR(AVERAGEIF('1_Raw_Data'!C:C,A12,'1_Raw_Data'!G:G),0) -> 65.271075 | D12: =IFERROR(AVERAGEIF('1_Raw_Data'!C:C,A12,'1_Raw_Data'!H:H),0) -> 31.172043 | E12: =IFERROR(AVERAGEIF('1_Raw_Data'!C:C,A12,'1_Raw_Data'!I:I),0) -> 77.164516 | F12: =COUNTIFS('1_Raw_Data'!C:C,A12,'1_Raw_Data'!M:M,"At Risk") -> 64 | H12: Germany | I12: =COUNTIF('1_Raw_Data'!E:E,H12) -> 75 | J12: =IFERROR(AVERAGEIF('1_Raw_Data'!E:E,H12,'1_Raw_Data'!I:I),0) -> 77.176 | K12: =IFERROR(AVERAGEIF('1_Raw_Data'!E:E,H12,'1_Raw_Data'!H:H),0) -> 29.026667 | L12: =COUNTIFS('1_Raw_Data'!E:E,H12,'1_Raw_Data'!M:M,"At Risk") -> 52
A13: Logistics | B13: =SUMIF('1_Raw_Data'!C:C,A13,'1_Raw_Data'!K:K) -> 30733191 | C13: =IFERROR(AVERAGEIF('1_Raw_Data'!C:C,A13,'1_Raw_Data'!G:G),0) -> 1082.0996 | D13: =IFERROR(AVERAGEIF('1_Raw_Data'!C:C,A13,'1_Raw_Data'!H:H),0) -> 33.923077 | E13: =IFERROR(AVERAGEIF('1_Raw_Data'!C:C,A13,'1_Raw_Data'!I:I),0) -> 78.446154 | F13: =COUNTIFS('1_Raw_Data'!C:C,A13,'1_Raw_Data'!M:M,"At Risk") -> 69 | H13: France | I13: =COUNTIF('1_Raw_Data'!E:E,H13) -> 70 | J13: =IFERROR(AVERAGEIF('1_Raw_Data'!E:E,H13,'1_Raw_Data'!I:I),0) -> 73.805714 | K13: =IFERROR(AVERAGEIF('1_Raw_Data'!E:E,H13,'1_Raw_Data'!H:H),0) -> 29.614286 | L13: =COUNTIFS('1_Raw_Data'!E:E,H13,'1_Raw_Data'!M:M,"At Risk") -> 56
A14: IT Equipment | B14: =SUMIF('1_Raw_Data'!C:C,A14,'1_Raw_Data'!K:K) -> 67636014 | C14: =IFERROR(AVERAGEIF('1_Raw_Data'!C:C,A14,'1_Raw_Data'!G:G),0) -> 2723.2051 | D14: =IFERROR(AVERAGEIF('1_Raw_Data'!C:C,A14,'1_Raw_Data'!H:H),0) -> 30.858586 | E14: =IFERROR(AVERAGEIF('1_Raw_Data'!C:C,A14,'1_Raw_Data'!I:I),0) -> 75.662626 | F14: =COUNTIFS('1_Raw_Data'!C:C,A14,'1_Raw_Data'!M:M,"At Risk") -> 71 | H14: China | I14: =COUNTIF('1_Raw_Data'!E:E,H14) -> 61 | J14: =IFERROR(AVERAGEIF('1_Raw_Data'!E:E,H14,'1_Raw_Data'!I:I),0) -> 79.945902 | K14: =IFERROR(AVERAGEIF('1_Raw_Data'!E:E,H14,'1_Raw_Data'!H:H),0) -> 28.967213 | L14: =COUNTIFS('1_Raw_Data'!E:E,H14,'1_Raw_Data'!M:M,"At Risk") -> 34
A15: Office Supplies | B15: =SUMIF('1_Raw_Data'!C:C,A15,'1_Raw_Data'!K:K) -> 1243638.2 | C15: =IFERROR(AVERAGEIF('1_Raw_Data'!C:C,A15,'1_Raw_Data'!G:G),0) -> 41.986786 | D15: =IFERROR(AVERAGEIF('1_Raw_Data'!C:C,A15,'1_Raw_Data'!H:H),0) -> 31.098214 | E15: =IFERROR(AVERAGEIF('1_Raw_Data'!C:C,A15,'1_Raw_Data'!I:I),0) -> 76.45625 | F15: =COUNTIFS('1_Raw_Data'!C:C,A15,'1_Raw_Data'!M:M,"At Risk") -> 78 | H15: India | I15: =COUNTIF('1_Raw_Data'!E:E,H15) -> 58 | J15: =IFERROR(AVERAGEIF('1_Raw_Data'!E:E,H15,'1_Raw_Data'!I:I),0) -> 77.984483 | K15: =IFERROR(AVERAGEIF('1_Raw_Data'!E:E,H15,'1_Raw_Data'!H:H),0) -> 29.586207 | L15: =COUNTIFS('1_Raw_Data'!E:E,H15,'1_Raw_Data'!M:M,"At Risk") -> 40
H16: Poland | I16: =COUNTIF('1_Raw_Data'!E:E,H16) -> 52 | J16: =IFERROR(AVERAGEIF('1_Raw_Data'!E:E,H16,'1_Raw_Data'!I:I),0) -> 76.561538 | K16: =IFERROR(AVERAGEIF('1_Raw_Data'!E:E,H16,'1_Raw_Data'!H:H),0) -> 31.711538 | L16: =COUNTIFS('1_Raw_Data'!E:E,H16,'1_Raw_Data'!M:M,"At Risk") -> 35
H17: Netherlands | I17: =COUNTIF('1_Raw_Data'!E:E,H17) -> 72 | J17: =IFERROR(AVERAGEIF('1_Raw_Data'!E:E,H17,'1_Raw_Data'!I:I),0) -> 77.393056 | K17: =IFERROR(AVERAGEIF('1_Raw_Data'!E:E,H17,'1_Raw_Data'!H:H),0) -> 36.236111 | L17: =COUNTIFS('1_Raw_Data'!E:E,H17,'1_Raw_Data'!M:M,"At Risk") -> 50
H18: Vietnam | I18: =COUNTIF('1_Raw_Data'!E:E,H18) -> 57 | J18: =IFERROR(AVERAGEIF('1_Raw_Data'!E:E,H18,'1_Raw_Data'!I:I),0) -> 76.654386 | K18: =IFERROR(AVERAGEIF('1_Raw_Data'!E:E,H18,'1_Raw_Data'!H:H),0) -> 28.982456 | L18: =COUNTIFS('1_Raw_Data'!E:E,H18,'1_Raw_Data'!M:M,"At Risk") -> 43
